<?xml version="1.0" encoding="UTF-8" standalone="yes"?>
<Content>
    <Views>
        <ViewDef id="4a1f4717-f049-4806-a45c-5a9c1e9bea88">
            <Title>VM Uptime (%)</Title>
            <Description/>
            <SubjectType adapterKind="VMWARE" filter="[[{&quot;filterType&quot;:&quot;metrics&quot;,&quot;metricKey&quot;:&quot;Super Metric|sm_a4547391-d436-47b2-9fee-acf4f16a386a&quot;,&quot;condition&quot;:&quot;GREATER_THAN&quot;,&quot;metricValue&quot;:{&quot;value&quot;:0,&quot;isStringMetric&quot;:false}}]]" resourceKind="VirtualMachine" type="descendant"/>
            <Usage>dashboard</Usage>
            <Usage>report</Usage>
            <Usage>details</Usage>
            <Usage>content</Usage>
            <Controls>
                <Control id="time-interval-selector_id_1705" type="time-interval-selector" visible="false">
                    <Property name="advancedTimeMode" value="false"/>
                    <Property name="unit" value="MONTHS"/>
                    <Property name="count" value="1"/>
                </Control>
                <Control id="attributes-selector_id_1706" type="attributes-selector" visible="false">
                    <Property name="attributeInfos">
                        <List>
                            <Item>
<Value>
    <Property name="objectType" value="RESOURCE"/>
    <Property name="attributeKey" value="Super Metric|sm_a4547391-d436-47b2-9fee-acf4f16a386a"/>
    <Property name="isStringAttribute" value="false"/>
    <Property name="adapterKind" value="VMWARE"/>
    <Property name="resourceKind" value="VirtualMachine"/>
    <Property name="rollUpType" value="NONE"/>
    <Property name="rollUpCount" value="0"/>
    <Property name="transformations">
        <List>
            <Item value="AVG"/>
        </List>
    </Property>
    <Property name="isProperty" value="false"/>
    <Property name="displayName" value="VM Uptime (%)"/>
</Value>
                            </Item>
                        </List>
                    </Property>
                </Control>
                <Control id="buckets-control_id_1707" type="buckets-control" visible="false">
                    <Property name="maxValue" value="0"/>
                    <Property name="minValue" value="0"/>
                    <Property name="dynamicCalcFunction" value="SIMPLEMAXMIN"/>
                    <Property name="bucketInfos">
                        <List>
                            <Item>
<Value>
    <Property name="startValue" value="0"/>
    <Property name="endValue" value="80"/>
</Value>
                            </Item>
                            <Item>
<Value>
    <Property name="startValue" value="80"/>
    <Property name="endValue" value="95"/>
</Value>
                            </Item>
                            <Item>
<Value>
    <Property name="startValue" value="95"/>
    <Property name="endValue" value="97"/>
</Value>
                            </Item>
                            <Item>
<Value>
    <Property name="startValue" value="97"/>
    <Property name="endValue" value="98"/>
</Value>
                            </Item>
                            <Item>
<Value>
    <Property name="startValue" value="98"/>
    <Property name="endValue" value="99"/>
</Value>
                            </Item>
                            <Item>
<Value>
    <Property name="startValue" value="99"/>
    <Property name="endValue" value="100"/>
</Value>
                            </Item>
                        </List>
                    </Property>
                    <Property name="isDynamic" value="false"/>
                </Control>
                <Control id="metadata_id_1708" type="metadata" visible="false">
                    <Property name="maxPointsCount" value="5000"/>
                    <Property name="hideObjectNameColumn" value="false"/>
                    <Property name="listTopResultSize" value="-1"/>
                </Control>
            </Controls>
            <DataProviders>
                <DataProvider dataType="distribution-view" id="distribution-view_id_1704"/>
            </DataProviders>
            <Presentation type="pie-chart"/>
        </ViewDef>
        <ViewDef id="0fa696ac-ad00-4cc4-8004-6e8b8c8fcdb2">
            <Title>VM Uptime (%) 1 Month Average</Title>
            <Description/>
            <SubjectType adapterKind="VMWARE" filter="[[{&quot;condition&quot;:&quot;GREATER_THAN&quot;,&quot;metricKey&quot;:&quot;Super Metric|sm_a4547391-d436-47b2-9fee-acf4f16a386a&quot;,&quot;metricValue&quot;:{&quot;isStringMetric&quot;:false,&quot;value&quot;:0},&quot;filterType&quot;:&quot;metrics&quot;}]]" resourceKind="VirtualMachine" type="descendant"/>
            <SubjectType adapterKind="VMWARE" filter="[[{&quot;condition&quot;:&quot;GREATER_THAN&quot;,&quot;metricKey&quot;:&quot;Super Metric|sm_a4547391-d436-47b2-9fee-acf4f16a386a&quot;,&quot;metricValue&quot;:{&quot;isStringMetric&quot;:false,&quot;value&quot;:0},&quot;filterType&quot;:&quot;metrics&quot;}]]" resourceKind="VirtualMachine" type="self"/>
            <Usage>dashboard</Usage>
            <Usage>report</Usage>
            <Usage>details</Usage>
            <Usage>content</Usage>
            <Controls>
                <Control id="time-interval-selector_id_1674" type="time-interval-selector" visible="false">
                    <Property name="advancedTimeMode" value="false"/>
                    <Property name="unit" value="MONTHS"/>
                    <Property name="count" value="1"/>
                </Control>
                <Control id="attributes-selector_id_1675" type="attributes-selector" visible="false">
                    <Property name="attributeInfos">
                        <List>
                            <Item>
<Value>
    <Property name="objectType" value="RESOURCE"/>
    <Property name="attributeKey" value="Super Metric|sm_a4547391-d436-47b2-9fee-acf4f16a386a"/>
    <Property name="isStringAttribute" value="false"/>
    <Property name="adapterKind" value="VMWARE"/>
    <Property name="resourceKind" value="VirtualMachine"/>
    <Property name="rollUpType" value="NONE"/>
    <Property name="rollUpCount" value="0"/>
    <Property name="transformations">
        <List>
            <Item value="AVG"/>
        </List>
    </Property>
    <Property name="sortCriteria" value="true"/>
    <Property name="isProperty" value="false"/>
    <Property name="displayName" value="VM Uptime (%)"/>
</Value>
                            </Item>
                        </List>
                    </Property>
                </Control>
                <Control id="pagination-control_id_1676" type="pagination-control" visible="true">
                    <Property name="start" value="0"/>
                    <Property name="size" value="50"/>
                </Control>
                <Control id="metadata_id_1677" type="metadata" visible="false">
                    <Property name="maxPointsCount" value="5000"/>
                    <Property name="distributionColor" value="6870C4"/>
                    <Property name="hideObjectNameColumn" value="false"/>
                    <Property name="listTopResultSize" value="-1"/>
                </Control>
            </Controls>
            <DataProviders>
                <DataProvider dataType="list-view" id="list-view_id_1673"/>
            </DataProviders>
            <Presentation type="list"/>
        </ViewDef>
    </Views>
</Content>
